{
    "java_summary_f1": 0.8974641675854466,
    "java_Ownership_f1": 1.0,
    "java_Expand_f1": 0.387434554973822,
    "java_usage_f1": 0.9007263922518159,
    "java_Pointer_f1": 0.9033942558746736,
    "java_deprecation_f1": 0.72,
    "java_rational_f1": 0.2967741935483871,
    "python_Usage_f1": 0.7705627705627706,
    "python_Parameters_f1": 0.8536585365853658,
    "python_DevelopmentNotes_f1": 0.4050632911392405,
    "python_Expand_f1": 0.6363636363636364,
    "python_Summary_f1": 0.6820809248554913,
    "pharo_Keyimplementationpoints_f1": 0.5348837209302325,
    "pharo_Example_f1": 0.9008264462809917,
    "pharo_Responsibilities_f1": 0.591304347826087,
    "pharo_Classreferences_f1": 0.0,
    "pharo_Intent_f1": 0.8253968253968254,
    "pharo_Keymessages_f1": 0.8048780487804879,
    "pharo_Collaborators_f1": 0.4,
    "java_avg_f1": 0.7293990806048779,
    "pharo_avg_f1": 0.5796127698878034,
    "python_avg_f1": 0.6695458319013009,
    "avg_f1": 0.6584637954186987,
    "avg_runtime": 1.5653273105621337,
    "avg_flops": 8997.904872776,
    "submission_score": 0.3725489899176938
}