{
    "java_summary_f1": 0.8939988782950085,
    "java_Ownership_f1": 1.0,
    "java_Expand_f1": 0.4186046511627907,
    "java_usage_f1": 0.8939759036144578,
    "java_Pointer_f1": 0.8730964467005076,
    "java_deprecation_f1": 0.75,
    "java_rational_f1": 0.2894736842105263,
    "python_Usage_f1": 0.7678571428571429,
    "python_Parameters_f1": 0.8145161290322581,
    "python_DevelopmentNotes_f1": 0.33707865168539325,
    "python_Expand_f1": 0.5673758865248227,
    "python_Summary_f1": 0.6896551724137931,
    "pharo_Keyimplementationpoints_f1": 0.5301204819277109,
    "pharo_Example_f1": 0.9008264462809917,
    "pharo_Responsibilities_f1": 0.5892857142857143,
    "pharo_Classreferences_f1": 0.0,
    "pharo_Intent_f1": 0.8253968253968254,
    "pharo_Keymessages_f1": 0.8433734939759037,
    "pharo_Collaborators_f1": 0.36363636363636365,
    "java_avg_f1": 0.7313070805690415,
    "pharo_avg_f1": 0.5789484750719299,
    "python_avg_f1": 0.635296596502682,
    "avg_f1": 0.649909045894748,
    "avg_runtime": 1.5598633289337158,
    "avg_flops": 8997.904872776,
    "submission_score": 0.36763469946846006
}