{
    "java_summary_f1": 0.8898826159865847,
    "java_Ownership_f1": 1.0,
    "java_Expand_f1": 0.4387755102040816,
    "java_usage_f1": 0.8929001203369434,
    "java_Pointer_f1": 0.8756218905472637,
    "java_deprecation_f1": 0.72,
    "java_rational_f1": 0.3057324840764331,
    "python_Usage_f1": 0.775330396475771,
    "python_Parameters_f1": 0.8421052631578947,
    "python_DevelopmentNotes_f1": 0.345679012345679,
    "python_Expand_f1": 0.5777777777777777,
    "python_Summary_f1": 0.6666666666666666,
    "pharo_Keyimplementationpoints_f1": 0.5454545454545454,
    "pharo_Example_f1": 0.9191489361702128,
    "pharo_Responsibilities_f1": 0.625,
    "pharo_Classreferences_f1": 0.0,
    "pharo_Intent_f1": 0.8571428571428571,
    "pharo_Keymessages_f1": 0.8045977011494253,
    "pharo_Collaborators_f1": 0.38095238095238093,
    "java_avg_f1": 0.7318446601644724,
    "pharo_avg_f1": 0.590328060124203,
    "python_avg_f1": 0.6415118232847579,
    "avg_f1": 0.655935166233922,
    "avg_runtime": 1.7062671422958373,
    "avg_flops": 8997.904872776,
    "submission_score": 0.3653942191374796
}