{
    "java_summary_f1": 0.8908988128886377,
    "java_Ownership_f1": 1.0,
    "java_Expand_f1": 0.45410628019323673,
    "java_usage_f1": 0.8854415274463007,
    "java_Pointer_f1": 0.8811881188118812,
    "java_deprecation_f1": 0.7692307692307693,
    "java_rational_f1": 0.2875,
    "python_Usage_f1": 0.774468085106383,
    "python_Parameters_f1": 0.8235294117647058,
    "python_DevelopmentNotes_f1": 0.3950617283950617,
    "python_Expand_f1": 0.5481481481481482,
    "python_Summary_f1": 0.7134502923976608,
    "pharo_Keyimplementationpoints_f1": 0.6341463414634146,
    "pharo_Example_f1": 0.921161825726141,
    "pharo_Responsibilities_f1": 0.6476190476190476,
    "pharo_Classreferences_f1": 0.3333333333333333,
    "pharo_Intent_f1": 0.8571428571428571,
    "pharo_Keymessages_f1": 0.7777777777777778,
    "pharo_Collaborators_f1": 0.3157894736842105,
    "java_avg_f1": 0.7383379297958322,
    "pharo_avg_f1": 0.6409958081066831,
    "python_avg_f1": 0.6509315331623918,
    "avg_f1": 0.6794733595331351,
    "avg_runtime": 2.6625800371170043,
    "avg_flops": 18489.30733722,
    "submission_score": -0.0383914792535992
}