{
    "java_summary_f1": 0.8641114982578397,
    "java_Ownership_f1": 1.0,
    "java_Expand_f1": 0.43636363636363634,
    "java_usage_f1": 0.8717310087173101,
    "java_Pointer_f1": 0.8697788697788698,
    "java_deprecation_f1": 0.72,
    "java_rational_f1": 0.1774193548387097,
    "python_Usage_f1": 0.7586206896551724,
    "python_Parameters_f1": 0.8221343873517787,
    "python_DevelopmentNotes_f1": 0.4523809523809524,
    "python_Expand_f1": 0.48175182481751827,
    "python_Summary_f1": 0.7218934911242604,
    "pharo_Keyimplementationpoints_f1": 0.6419753086419753,
    "pharo_Example_f1": 0.9333333333333333,
    "pharo_Responsibilities_f1": 0.6972477064220184,
    "pharo_Classreferences_f1": 0.4,
    "pharo_Intent_f1": 0.8852459016393442,
    "pharo_Keymessages_f1": 0.8275862068965517,
    "pharo_Collaborators_f1": 0.5882352941176471,
    "java_avg_f1": 0.7056291954223379,
    "pharo_avg_f1": 0.7105176787215529,
    "python_avg_f1": 0.6473562690659364,
    "avg_f1": 0.6920952349651008,
    "avg_runtime": 3.533942532539368,
    "avg_flops": 18489.30733722,
    "submission_score": -0.06567285381131432
}