{
    "java_summary_f1": 0.8765571913929785,
    "java_Ownership_f1": 1.0,
    "java_Expand_f1": 0.43333333333333335,
    "java_usage_f1": 0.8883553421368547,
    "java_Pointer_f1": 0.8674698795180723,
    "java_deprecation_f1": 0.6666666666666666,
    "java_rational_f1": 0.19318181818181818,
    "python_Usage_f1": 0.759825327510917,
    "python_Parameters_f1": 0.7970479704797048,
    "python_DevelopmentNotes_f1": 0.41379310344827586,
    "python_Expand_f1": 0.43902439024390244,
    "python_Summary_f1": 0.6883116883116883,
    "pharo_Keyimplementationpoints_f1": 0.6329113924050633,
    "pharo_Example_f1": 0.919831223628692,
    "pharo_Responsibilities_f1": 0.6923076923076923,
    "pharo_Classreferences_f1": 0.2857142857142857,
    "pharo_Intent_f1": 0.8524590163934426,
    "pharo_Keymessages_f1": 0.8043478260869565,
    "pharo_Collaborators_f1": 0.2608695652173913,
    "java_avg_f1": 0.7036520330328176,
    "pharo_avg_f1": 0.6354915716790748,
    "python_avg_f1": 0.6196004959988977,
    "avg_f1": 0.6564214585777757,
    "avg_runtime": 2.31825852394104,
    "avg_flops": 18489.30733722,
    "submission_score": -0.03844975929977634
}