{
    "java_summary_f1": 0.8624787775891342,
    "java_Ownership_f1": 1.0,
    "java_Expand_f1": 0.4120603015075377,
    "java_usage_f1": 0.8913043478260869,
    "java_Pointer_f1": 0.8793969849246231,
    "java_deprecation_f1": 0.75,
    "java_rational_f1": 0.2079207920792079,
    "python_Usage_f1": 0.7447698744769874,
    "python_Parameters_f1": 0.8366533864541833,
    "python_DevelopmentNotes_f1": 0.367816091954023,
    "python_Expand_f1": 0.5379310344827586,
    "python_Summary_f1": 0.7051282051282052,
    "pharo_Keyimplementationpoints_f1": 0.5897435897435898,
    "pharo_Example_f1": 0.9367088607594937,
    "pharo_Responsibilities_f1": 0.6101694915254238,
    "pharo_Classreferences_f1": 0.0,
    "pharo_Intent_f1": 0.8387096774193549,
    "pharo_Keymessages_f1": 0.8,
    "pharo_Collaborators_f1": 0.3333333333333333,
    "java_avg_f1": 0.7147373148466557,
    "pharo_avg_f1": 0.5869521361115994,
    "python_avg_f1": 0.6384597184992316,
    "avg_f1": 0.647585513115997,
    "avg_runtime": 1.292057204246521,
    "avg_flops": 2173.29756672,
    "submission_score": 0.6499371170309374
}