{
    "java_summary_f1": 0.8779102782509938,
    "java_Ownership_f1": 1.0,
    "java_Expand_f1": 0.43119266055045874,
    "java_usage_f1": 0.8734793187347932,
    "java_Pointer_f1": 0.8911392405063291,
    "java_deprecation_f1": 0.75,
    "java_rational_f1": 0.208955223880597,
    "python_Usage_f1": 0.7666666666666667,
    "python_Parameters_f1": 0.8273092369477911,
    "python_DevelopmentNotes_f1": 0.4090909090909091,
    "python_Expand_f1": 0.5548387096774193,
    "python_Summary_f1": 0.6928104575163399,
    "pharo_Keyimplementationpoints_f1": 0.5822784810126582,
    "pharo_Example_f1": 0.9316239316239316,
    "pharo_Responsibilities_f1": 0.5785123966942148,
    "pharo_Classreferences_f1": 0.0,
    "pharo_Intent_f1": 0.8387096774193549,
    "pharo_Keymessages_f1": 0.7422680412371134,
    "pharo_Collaborators_f1": 0.25,
    "java_avg_f1": 0.7189538174175959,
    "pharo_avg_f1": 0.5604846468553247,
    "python_avg_f1": 0.6501431959798252,
    "avg_f1": 0.6424623805162932,
    "avg_runtime": 1.3467523097991942,
    "avg_flops": 2173.29756672,
    "submission_score": 0.6446754332490082
}