{
    "java_summary_f1": 0.8719684151156233,
    "java_Ownership_f1": 1.0,
    "java_Expand_f1": 0.36180904522613067,
    "java_usage_f1": 0.8851269649334945,
    "java_Pointer_f1": 0.8816120906801007,
    "java_deprecation_f1": 0.7407407407407407,
    "java_rational_f1": 0.21348314606741572,
    "python_Usage_f1": 0.7583333333333333,
    "python_Parameters_f1": 0.8340080971659919,
    "python_DevelopmentNotes_f1": 0.367816091954023,
    "python_Expand_f1": 0.5174825174825175,
    "python_Summary_f1": 0.6583850931677019,
    "pharo_Keyimplementationpoints_f1": 0.5952380952380952,
    "pharo_Example_f1": 0.923728813559322,
    "pharo_Responsibilities_f1": 0.5689655172413793,
    "pharo_Classreferences_f1": 0.2,
    "pharo_Intent_f1": 0.847457627118644,
    "pharo_Keymessages_f1": 0.7727272727272727,
    "pharo_Collaborators_f1": 0.5,
    "java_avg_f1": 0.7078200575376437,
    "pharo_avg_f1": 0.6297310465549592,
    "python_avg_f1": 0.6272050266207134,
    "avg_f1": 0.6578359400921993,
    "avg_runtime": 1.2674306869506835,
    "avg_flops": 2173.29756672,
    "submission_score": 0.6570724339084922
}