{
    "java_summary_f1": 0.855664174813111,
    "java_Ownership_f1": 1.0,
    "java_Expand_f1": 0.3697478991596639,
    "java_usage_f1": 0.8753056234718827,
    "java_Pointer_f1": 0.8676470588235294,
    "java_deprecation_f1": 0.6923076923076923,
    "java_rational_f1": 0.22459893048128343,
    "python_Usage_f1": 0.717741935483871,
    "python_Parameters_f1": 0.803088803088803,
    "python_DevelopmentNotes_f1": 0.3252032520325203,
    "python_Expand_f1": 0.5536723163841808,
    "python_Summary_f1": 0.6153846153846154,
    "pharo_Keyimplementationpoints_f1": 0.6363636363636364,
    "pharo_Example_f1": 0.8925619834710744,
    "pharo_Responsibilities_f1": 0.5961538461538461,
    "pharo_Classreferences_f1": 0.2857142857142857,
    "pharo_Intent_f1": 0.7419354838709677,
    "pharo_Keymessages_f1": 0.7311827956989247,
    "pharo_Collaborators_f1": 0.36363636363636365,
    "java_avg_f1": 0.6978959112938804,
    "pharo_avg_f1": 0.6067926278441569,
    "python_avg_f1": 0.603018184474798,
    "avg_f1": 0.6393637208600133,
    "avg_runtime": 0.9421688556671143,
    "avg_flops": 999.0271426559999,
    "submission_score": 0.7059703925830835
}