{
    "java_summary_f1": 0.8835920177383592,
    "java_Ownership_f1": 1.0,
    "java_Expand_f1": 0.35348837209302325,
    "java_usage_f1": 0.89179548156956,
    "java_Pointer_f1": 0.8784119106699751,
    "java_deprecation_f1": 0.6666666666666666,
    "java_rational_f1": 0.3,
    "python_Usage_f1": 0.7659574468085106,
    "python_Parameters_f1": 0.7777777777777778,
    "python_DevelopmentNotes_f1": 0.30927835051546393,
    "python_Expand_f1": 0.4835164835164835,
    "python_Summary_f1": 0.6380368098159509,
    "pharo_Keyimplementationpoints_f1": 0.5647058823529412,
    "pharo_Example_f1": 0.9152542372881356,
    "pharo_Responsibilities_f1": 0.6821705426356589,
    "pharo_Classreferences_f1": 0.2857142857142857,
    "pharo_Intent_f1": 0.8387096774193549,
    "pharo_Keymessages_f1": 0.6140350877192983,
    "pharo_Collaborators_f1": 0.2,
    "java_avg_f1": 0.7105649212482262,
    "pharo_avg_f1": 0.5857985304470964,
    "python_avg_f1": 0.5949133736868374,
    "avg_f1": 0.6341637384369182,
    "avg_runtime": 1.548272442817688,
    "avg_flops": 8088.503066991,
    "submission_score": 0.3950272226698034
}