{
    "java_summary_f1": 0.8615209988649262,
    "java_Ownership_f1": 1.0,
    "java_Expand_f1": 0.3656716417910448,
    "java_usage_f1": 0.8894289185905225,
    "java_Pointer_f1": 0.9040404040404041,
    "java_deprecation_f1": 0.6428571428571429,
    "java_rational_f1": 0.20276497695852536,
    "python_Usage_f1": 0.7242798353909465,
    "python_Parameters_f1": 0.7865168539325843,
    "python_DevelopmentNotes_f1": 0.32608695652173914,
    "python_Expand_f1": 0.5095541401273885,
    "python_Summary_f1": 0.618421052631579,
    "pharo_Keyimplementationpoints_f1": 0.5714285714285714,
    "pharo_Example_f1": 0.9122807017543859,
    "pharo_Responsibilities_f1": 0.6825396825396826,
    "pharo_Classreferences_f1": 0.2,
    "pharo_Intent_f1": 0.9,
    "pharo_Keymessages_f1": 0.6666666666666666,
    "pharo_Collaborators_f1": 0.47619047619047616,
    "java_avg_f1": 0.6951834404432237,
    "pharo_avg_f1": 0.6298722997971119,
    "python_avg_f1": 0.5929717677208475,
    "avg_f1": 0.6442236326466624,
    "avg_runtime": 1.8768708467483521,
    "avg_flops": 8088.503066991,
    "submission_score": 0.3879192230384234
}