{
    "java_summary_f1": 0.8761363636363636,
    "java_Ownership_f1": 1.0,
    "java_Expand_f1": 0.3320754716981132,
    "java_usage_f1": 0.8811524609843937,
    "java_Pointer_f1": 0.8793969849246231,
    "java_deprecation_f1": 0.5454545454545454,
    "java_rational_f1": 0.2937062937062937,
    "python_Usage_f1": 0.6956521739130435,
    "python_Parameters_f1": 0.8046875,
    "python_DevelopmentNotes_f1": 0.3090909090909091,
    "python_Expand_f1": 0.47058823529411764,
    "python_Summary_f1": 0.6818181818181818,
    "pharo_Keyimplementationpoints_f1": 0.5909090909090909,
    "pharo_Example_f1": 0.9037656903765691,
    "pharo_Responsibilities_f1": 0.6911764705882353,
    "pharo_Classreferences_f1": 0.25,
    "pharo_Intent_f1": 0.8709677419354839,
    "pharo_Keymessages_f1": 0.6434782608695652,
    "pharo_Collaborators_f1": 0.37037037037037035,
    "java_avg_f1": 0.686846017200619,
    "pharo_avg_f1": 0.6172382321499021,
    "python_avg_f1": 0.5923674000232504,
    "avg_f1": 0.636338249766837,
    "avg_runtime": 1.5816552877426147,
    "avg_flops": 8088.503066991,
    "submission_score": 0.3949966156707576
}