{
    "java_summary_f1": 0.8658256880733946,
    "java_Ownership_f1": 1.0,
    "java_Expand_f1": 0.3900414937759336,
    "java_usage_f1": 0.8739495798319328,
    "java_Pointer_f1": 0.8495145631067961,
    "java_deprecation_f1": 0.6896551724137931,
    "java_rational_f1": 0.24444444444444444,
    "python_Usage_f1": 0.7346938775510204,
    "python_Parameters_f1": 0.792156862745098,
    "python_DevelopmentNotes_f1": 0.30434782608695654,
    "python_Expand_f1": 0.5508982035928144,
    "python_Summary_f1": 0.6012269938650306,
    "pharo_Keyimplementationpoints_f1": 0.6739130434782609,
    "pharo_Example_f1": 0.8925619834710744,
    "pharo_Responsibilities_f1": 0.6086956521739131,
    "pharo_Classreferences_f1": 0.2,
    "pharo_Intent_f1": 0.7619047619047619,
    "pharo_Keymessages_f1": 0.7032967032967034,
    "pharo_Collaborators_f1": 0.32432432432432434,
    "java_avg_f1": 0.7019187059494706,
    "pharo_avg_f1": 0.594956638378434,
    "python_avg_f1": 0.596664752768184,
    "avg_f1": 0.6348132196913817,
    "avg_runtime": 1.0916060924530029,
    "avg_flops": 999.0271426559999,
    "submission_score": 0.697262602410469
}