{
    "java_summary_f1": 0.8627002288329519,
    "java_Ownership_f1": 1.0,
    "java_Expand_f1": 0.34146341463414637,
    "java_usage_f1": 0.8714285714285714,
    "java_Pointer_f1": 0.8762376237623762,
    "java_deprecation_f1": 0.5714285714285714,
    "java_rational_f1": 0.2028985507246377,
    "python_Usage_f1": 0.7171314741035857,
    "python_Parameters_f1": 0.7906976744186046,
    "python_DevelopmentNotes_f1": 0.3063063063063063,
    "python_Expand_f1": 0.5540540540540541,
    "python_Summary_f1": 0.6347305389221557,
    "pharo_Keyimplementationpoints_f1": 0.6987951807228916,
    "pharo_Example_f1": 0.9045643153526971,
    "pharo_Responsibilities_f1": 0.6271186440677966,
    "pharo_Classreferences_f1": 0.14814814814814814,
    "pharo_Intent_f1": 0.7164179104477612,
    "pharo_Keymessages_f1": 0.717391304347826,
    "pharo_Collaborators_f1": 0.32558139534883723,
    "java_avg_f1": 0.6751652801158936,
    "pharo_avg_f1": 0.5911452712051368,
    "python_avg_f1": 0.6005840095609413,
    "avg_f1": 0.6245838898448379,
    "avg_runtime": 1.007700753211975,
    "avg_flops": 999.0271426559999,
    "submission_score": 0.6944812180721839
}