{
    "java_summary_f1": 0.8735763097949886,
    "java_Ownership_f1": 1.0,
    "java_Expand_f1": 0.379746835443038,
    "java_usage_f1": 0.8840579710144928,
    "java_Pointer_f1": 0.8599033816425121,
    "java_deprecation_f1": 0.4888888888888889,
    "java_rational_f1": 0.22660098522167488,
    "python_Usage_f1": 0.7265625,
    "python_Parameters_f1": 0.8062015503875969,
    "python_DevelopmentNotes_f1": 0.3434343434343434,
    "python_Expand_f1": 0.5771812080536913,
    "python_Summary_f1": 0.6219512195121951,
    "pharo_Keyimplementationpoints_f1": 0.7142857142857143,
    "pharo_Example_f1": 0.9008264462809917,
    "pharo_Responsibilities_f1": 0.6379310344827587,
    "pharo_Classreferences_f1": 0.10526315789473684,
    "pharo_Intent_f1": 0.7272727272727273,
    "pharo_Keymessages_f1": 0.7021276595744681,
    "pharo_Collaborators_f1": 0.2857142857142857,
    "java_avg_f1": 0.6732534817150851,
    "pharo_avg_f1": 0.5819172893579546,
    "python_avg_f1": 0.6150661642775653,
    "avg_f1": 0.6242908536262688,
    "avg_runtime": 1.0930808782577515,
    "avg_flops": 999.0271426559999,
    "submission_score": 0.6908901913392113
}