{
    "python_Usage_f1": 0.7265625,
    "python_Parameters_f1": 0.807843137254902,
    "python_DevelopmentNotes_f1": 0.3469387755102041,
    "python_Expand_f1": 0.5714285714285714,
    "python_Summary_f1": 0.6296296296296297,
    "python_avg_f1": 0.6164805227646614,
    "avg_f1": 0.6164805227646614,
    "avg_runtime": 1.558289361000061,
    "avg_flops": 103.621318656,
    "submission_score": 0.7034118864725545,
    "head": {
        "algorithm": "lr",
        "hparams": {
            "C": 0.1
        }
    }
}