{
    "java_summary_f1": 0.8640996602491506,
    "java_Ownership_f1": 1.0,
    "java_Expand_f1": 0.4230769230769231,
    "java_usage_f1": 0.8899637243047158,
    "java_Pointer_f1": 0.8805970149253731,
    "java_deprecation_f1": 0.8,
    "java_rational_f1": 0.21818181818181817,
    "python_Usage_f1": 0.7603305785123967,
    "python_Parameters_f1": 0.84,
    "python_DevelopmentNotes_f1": 0.43478260869565216,
    "python_Expand_f1": 0.5548387096774193,
    "python_Summary_f1": 0.6918238993710691,
    "pharo_Keyimplementationpoints_f1": 0.6133333333333333,
    "pharo_Example_f1": 0.9037656903765691,
    "pharo_Responsibilities_f1": 0.6363636363636364,
    "pharo_Classreferences_f1": 0.4,
    "pharo_Intent_f1": 0.7333333333333333,
    "pharo_Keymessages_f1": 0.7272727272727273,
    "pharo_Collaborators_f1": 0.43478260869565216,
    "java_avg_f1": 0.7251313058197116,
    "pharo_avg_f1": 0.6355501899107503,
    "python_avg_f1": 0.6563551592513075,
    "avg_f1": 0.6740287508615669,
    "avg_runtime": 1.2566560983657837,
    "avg_flops": 2081.452659456,
    "submission_score": 0.6708929002040688
}