{
    "java_summary_f1": 0.855664174813111,
    "java_Ownership_f1": 1.0,
    "java_Expand_f1": 0.3697478991596639,
    "java_usage_f1": 0.8753056234718827,
    "java_Pointer_f1": 0.8676470588235294,
    "java_deprecation_f1": 0.6923076923076923,
    "java_rational_f1": 0.22459893048128343,
    "python_Usage_f1": 0.7603305785123967,
    "python_Parameters_f1": 0.84,
    "python_DevelopmentNotes_f1": 0.43478260869565216,
    "python_Expand_f1": 0.5548387096774193,
    "python_Summary_f1": 0.6918238993710691,
    "pharo_Keyimplementationpoints_f1": 0.6133333333333333,
    "pharo_Example_f1": 0.9037656903765691,
    "pharo_Responsibilities_f1": 0.6363636363636364,
    "pharo_Classreferences_f1": 0.4,
    "pharo_Intent_f1": 0.7333333333333333,
    "pharo_Keymessages_f1": 0.7272727272727273,
    "pharo_Collaborators_f1": 0.43478260869565216,
    "java_avg_f1": 0.6978959112938804,
    "pharo_avg_f1": 0.6355501899107503,
    "python_avg_f1": 0.6563551592513075,
    "avg_f1": 0.6639946581415237,
    "avg_runtime": 1.2164501428604126,
    "avg_flops": 1102.521242112,
    "submission_score": 0.7056379394860177
}